product_id,quantity
233,495
239,304
126,15
143,301
168,274
288,19
125,141pcs
135,74
281,274
200,116
217,416
231,78
129,274
104,463
118,440
160,266
222,102
271,19
175,182N/A
243,12
193,149
190,237
111,90
229,35
179,152
151,138
191,167
121,339
108,400
184,41
183,217
182,130
125,251
262,30
142,433
140,394
102,75
121,248
100,294approx
122,51
248,218
251,432
158,39
282,379
195,320
298,264
146,126
236,76
204,235
292,400
213,277
164,385
164,192
190,364
295,341pcs
166,386
289,95
238,65
231,223
246,471
232,447
134,151
163,420
275,187
169,148
220,155
132,138
248,106
131,241
189,260
275,159approx
209,26
184,167
220,310
175,425
229,158
129,266
211,35
199,45
178,362
283,267
190,251approx
186,380
186,334
233,37
295,309
272,445
222,62
273,232
122,493
266,88
104,164
115,108
167,380
163,260
199,80
101,24approx
219,187kg
258,359
204,144
240,467
281,354
291,201
116,300
247,468
298,353
203,181
106,191
206,193
286,456
207,285
249,366
232,97
255,238
296,368
147,332kg
238,153
235,398
136,273
126,253
148,496
215,148
117,131
189,170
137,37
269,320pcs
168,463
195,397
145,423
222,65
116,453
215,492kg
102,414
100,188
118,46
172,47
289,286
203,260
247,227
151,108
138,287
197,153
190,204
217,181
299,422
259,250
110,160
166,19
104,60
187,113kg
264,177
164,185
267,230
110,92
139,414pcs
119,40
299,22
202,30
191,227
169,45
241,377
134,133
177,392
214,483
160,301
266,86
115,54
227,262
213,357pcs
244,177
299,55
135,271
100,404
199,61
298,28
222,341
163,247
156,332
175,194
226,61
116,244
120,93
230,57
232,235
232,493
263,203
131,225
250,481
170,29
276,325
241,462
210,488
119,453
222,391
196,350
284,491
241,408
291,309
239,28
160,286
240,300
266,77
121,333
122,318
217,158
151,280
251,350
173,62
235,226
146,430
160,204
280,200
124,129
224,470
278,423
257,88
109,104
199,482
179,362
166,385
221,123
242,289
215,93
220,212
120,144
238,62
272,59kg
265,256
179,220pcs
113,462
171,258
287,310
117,35
208,173
199,375
189,399
213,311
150,202
144,488
236,295
232,350
123,71
285,385
221,313
215,82
184,185N/A
295,67
116,200
100,204
106,233
176,443
121,65
246,461
252,206
172,228
157,120
263,205
224,387
206,125
155,382
234,222
231,500
293,347
276,156
193,357
273,65
145,291
108,442
108,259
113,470
268,345
242,450
149,72
162,143
168,345
153,395
203,277
236,95
205,36
162,191
223,86
109,46
215,343
124,300
255,260
274,376
238,242
182,356
189,444
232,321
153,354
214,16
271,437
254,170
193,267
257,192
135,444
130,38
216,399
103,414
225,497
289,149
269,316
181,354
219,305
181,248
229,119
210,147
141,341
140,267
247,160
293,274approx
176,272
143,360
139,213
264,200
285,289
147,376
222,422
246,97
182,137
184,314
165,28
179,311
145,158
244,59approx
176,497
197,357
268,183
188,72
118,300
130,135
207,69
211,110
117,30
230,180
291,464
193,309
255,278
260,233
188,386
229,331
216,211
226,475
263,458
140,279
146,214
293,220
187,258kg
172,41
221,244
102,158
269,40kg
259,250
136,397
242,202
282,323
241,217
144,155
105,349
217,73
129,463
275,63
109,191
182,110
221,468
105,443
126,149
236,301
257,338
234,490
107,291
253,202
288,99kg
244,499approx
239,291
145,257
297,348
251,16
277,182
186,348
200,81
123,224
262,144
162,486
279,125
281,122
211,168
230,37
230,370
183,30
191,365
223,349
251,63
189,468
251,98
280,62
239,37
273,365
241,270
128,346
158,180
245,142
248,270
142,63
147,397
149,316
169,280
208,162
213,361
135,217
248,202
263,34
285,426
128,319
192,376
290,484
297,298
220,175pcs
182,190
288,351
207,248
134,284
271,172
177,175
108,46
124,324
213,297
275,228
136,167pcs
144,114
208,284
115,275
291,193
230,235
200,464
287,186
201,410
194,141
173,104pcs
181,308
194,197
231,464
265,264
105,168
203,224
208,488
232,141
265,426
102,138
185,337
182,399
169,14
169,361
235,114approx
113,478
143,354
153,396
226,220
182,42
180,115
202,60
161,303
294,416
289,125
136,352
147,116
276,488
192,253
251,359
268,378
188,100kg
291,462
273,433
228,90
101,269
190,305
256,276
226,484
163,271
190,208
280,318kg
106,413
202,319
127,233
220,165
220,240
215,177
148,39
176,396
261,85
220,309
242,306
104,361
229,195
141,68
219,329
170,293
258,209
204,102
198,289
279,75
177,100
217,451
165,24
209,63
197,136
105,69
272,421
196,490
276,96
136,188
216,222
163,388
296,499N/A
136,500
244,261
288,215
263,295
283,483
228,454
235,233
216,458N/A
177,167
227,272
163,280
197,166pcs
282,217
223,212
261,441
210,123
201,426
212,488
207,399
271,79
197,368
155,184
102,344
191,383
150,19
119,230
149,51
234,421
217,395
143,77
286,259
194,119
100,289
175,491
150,434
156,181
170,459
240,422
128,364
146,215
184,66
190,171
120,342
132,14
123,173
278,291
228,164
283,148
279,205
185,277
250,418
289,210
274,70
248,397
286,401approx
112,247
183,175
236,446
198,89kg
147,399
130,141
252,492
226,384
221,167
281,41
279,182
247,380
254,14
236,80
272,315
205,445
293,345
238,393
226,443
126,467
147,465
248,36
107,86
248,449
284,245
254,346
219,379
192,328
226,368
294,59
282,473
242,419N/A
108,329
120,98
217,371
131,37
161,289
249,324
254,374
210,303
220,168
115,491approx
206,440
135,490
117,239
276,461
167,261approx
194,461
239,24
125,263
283,482approx
233,324
227,323
131,148
179,152
257,353
145,376
271,174
124,490
189,461
187,13
249,238
166,122
201,139
178,197
239,104
266,249approx
233,362
210,497
151,311
149,134
136,352
257,128
272,183
245,101
264,234
279,83
184,483
202,320
217,473
202,322
194,491
144,240
164,431
195,181
294,235
145,247
195,199
142,263N/A
140,483
197,92
237,107
284,15
262,266
135,348
196,173
226,34
205,495
250,196
166,273
178,199
173,352
204,420
209,199approx
121,117
153,326
216,465
277,76
153,20
191,214
145,114
161,420
265,249
204,368
268,219kg
116,451
104,269
105,329
147,408
120,372
146,429
135,283
125,409
110,199
162,333
198,490kg
161,396
101,448
124,229
153,203pcs
146,199
136,83
178,251
146,472
248,321
142,321
272,243
228,45
160,124
132,397
273,179
294,36
292,438pcs
199,493
159,17
275,102kg
135,252
189,379
163,244
143,102
274,289
139,18
210,79
178,37
285,440
182,274
181,73
120,357N/A
116,75
254,477
149,391
257,238
122,226
272,51
258,175
100,203
265,400
246,123
243,169kg
142,46
149,408
294,454kg
287,356
276,181
296,329
268,276
207,305
170,386
270,470
287,209
291,27
157,195
223,66
184,284
246,422
227,182
113,429
227,196
216,75
140,340
220,56
293,203
179,348
182,443
174,368
274,483
236,151
118,190kg
296,269
112,85pcs
227,457
126,476
133,207
207,472
207,237
286,112
185,110pcs
159,341
107,230
112,326pcs
235,240
157,221
262,87
231,18
210,245
154,410N/A
258,95N/A
167,315
145,422
150,91
216,97
152,87
153,288
236,201kg
286,55
202,106
158,74
270,476
121,221
177,132
145,116
115,484
283,370
198,107
288,128pcs
253,138
160,18
265,451
231,458
104,209kg
264,289
114,85
284,13
256,386
182,149kg
171,427
209,460
104,364N/A
273,330
198,465
268,322
158,278approx
237,188
245,288
171,401
266,24
230,170pcs
112,252
103,487
283,176
129,122
142,58approx
110,488
125,133
140,335
134,436
214,464
288,204
197,366
259,49
132,309
270,406
244,349kg
277,272
203,293
149,196
105,22
190,479
212,60
236,112
115,228
135,442
227,217
263,300
238,444
202,337
140,90
112,405
279,58
286,424
262,262
195,199
100,232
150,413
183,432
141,241
186,497
220,302
201,82
106,131
184,177
271,36
173,137
217,23
142,17
152,290
272,208
113,487
136,424
217,340
171,55
105,417
274,489
133,34
175,428
286,284
298,79
188,490
245,304
145,336
298,98
148,478
271,407
182,367
132,193
136,94kg
156,299
213,175
130,491
274,413
287,370
150,418
116,406
124,107
178,322
107,11
134,30N/A
261,66
224,348
145,325
119,428
110,103
131,487
275,14
146,337
194,355
117,443
200,113
144,59
188,57
181,129
280,259
138,292
122,172
251,381
298,407
262,66
298,139
201,244
119,140N/A
173,332
182,268
122,374
164,313
259,22
224,117
137,160
273,127
191,498
202,271
229,430
284,97
247,60
234,359
182,331
245,209
274,235
257,164N/A
154,142
100,64
272,208
169,353
233,449
115,62
296,129
114,173
258,196approx
149,368
257,404
148,117
256,443
184,331
284,52
260,276
104,148
238,175
287,223
208,186
170,77approx
113,496
116,367
268,249
230,111
187,372
134,301
295,386
195,17
216,12
142,433
254,470
121,81
282,280
114,37
240,483
149,63
215,101
189,213
247,98
272,246
181,256
202,246
262,391
269,25
157,426
108,45
131,196
192,424
119,135
170,302
276,248
218,350
237,60
243,165
151,318
152,417approx
143,299
190,297
163,197
163,398
230,194
115,290
203,170
282,14
209,411
219,308
191,381kg
149,242
211,301
279,153
151,474
123,446
265,407
207,492
142,310
135,68
102,110
252,494
217,471
224,156
199,184
215,115
161,260
255,112
288,402
152,56
110,272
214,458
113,425
162,114
145,317
166,120
129,471
265,462
252,58
220,269
133,464kg
115,65kg
282,65
249,126
147,221
263,469
101,398
279,65
182,14
148,426
200,109
262,50
293,151
256,211N/A
241,434
106,324
270,282
267,455
279,53
156,401
266,308kg
145,423
185,327
133,77
124,86
144,488
223,478
293,247
103,365
163,85
141,238
125,209
285,406
175,121
293,224
176,301
127,174pcs
197,148
235,482kg
272,189
182,34
263,30
202,287N/A
154,52pcs
172,89
165,478
273,134
142,427
282,212
195,276
159,411
148,126
263,115
145,473pcs
130,87
298,234
275,90
268,478pcs
131,319
204,48kg
211,149
178,461
165,369
111,111
292,170
208,278
233,141
227,272
193,272
186,47
185,494
203,127
223,235
235,364
240,290
143,30
180,63
247,289
214,361
296,471
168,75
206,204
109,219
288,48
296,62
259,408kg
135,352
196,228
117,158
162,379
177,463approx
155,215
187,32
253,378
210,294
295,87
231,221kg
163,148
257,440
288,314
155,311
234,411
186,26
128,227approx
289,26
148,37
237,137
103,173
228,56
206,181
151,464
171,254
143,327
232,370
151,38
234,445
132,414
151,219
272,266
241,20
285,259
158,101
182,459
255,392
269,325
242,281
208,88
203,490
276,130
266,287
232,248
168,333
221,230
175,115
299,123
166,479
180,113
186,111
245,348pcs
112,245N/A
195,205
141,476
210,476
102,378
142,498
178,200
147,167
293,337
289,73
297,68
198,215
212,492
250,82
159,401
272,328
198,207
227,334
265,185
184,76
248,345
292,78N/A
111,426kg
220,320
265,107
193,230
217,233
262,214
250,173
165,160
138,474
115,266
138,457
282,57
225,54
219,48
297,258kg
182,124
236,22
150,470
192,388
181,454
170,47
248,73
134,268
266,376
139,277
165,357
190,270
242,495
193,92
134,319
206,36
107,405
115,201
206,361
104,356
157,86
117,457
289,394
214,74
128,140
183,308
141,372
104,102
216,499
114,495
188,22
181,446
207,229
178,131
222,258
284,274
165,148
284,221
195,479
251,141N/A
257,21N/A
102,488
295,162
102,42
118,307
101,133
113,159
271,190
289,414
126,431
165,122
164,420
261,155
192,480kg
287,112
168,55
119,280kg
282,128
219,329
299,482
288,240
191,115
132,225
240,230
204,174
197,429
260,491
166,317
160,116
182,330
140,218approx
292,293
290,187
264,155
102,82
197,372
268,368
198,418
206,267
222,336
198,130
111,124
172,278
128,404
115,54
210,62
246,272
234,438
201,147
106,179
299,54
142,403
157,61
282,274
209,393
291,122
185,376
192,71
253,367
153,370
145,149
240,396
299,152
212,477
244,413
231,198
125,360
218,119
237,379
207,339
273,79
208,333
196,97
112,243
233,163
279,52
250,91
138,468
245,118kg
215,101
283,360
245,236
258,83
295,209
128,41
227,408
119,366
216,449
295,338
142,140
211,181
172,488
104,396
100,369
257,315
177,72
261,208
132,47
239,252
184,41
209,489
249,431
269,371kg
184,262
212,315
241,358
256,241pcs
190,206
107,472
107,140
124,282
228,76
141,207
296,228
104,22
230,180pcs
243,42
166,57
295,454
181,368
269,250
116,422
135,95
136,353
102,408
170,440
188,310
194,465
257,369
200,82
149,270
228,492
258,360
209,22
148,78
168,385
197,74
107,42
104,41
204,240
108,237
109,19
168,342
167,474
262,373
165,29
139,123
263,256
258,257
231,350
235,194kg
203,238
130,408
112,96
110,148
242,242
156,315
261,229
178,400
143,442
138,34approx
113,144
279,58
162,86
155,341
130,413pcs
164,327
165,303
141,179
124,20
142,183
189,65
105,18
165,477
244,114
242,388
222,253
254,329
127,442
250,34
283,157
160,479
266,366
111,167
196,256
202,244kg
213,109
294,191
165,417
228,81
254,242
105,432
196,326
230,468kg
264,453
273,475
107,65
278,71
130,119
238,75
190,128
209,493
205,29
166,17
293,287
116,235
150,483
262,388
166,255
278,316
191,182
159,330
188,131
153,325
286,145
272,488
296,398
176,180
143,265
180,353
182,460
221,173N/A
149,339
297,433
186,290
285,434
190,235
130,319
219,87
127,172kg
187,484
114,321
247,451
219,16
269,330
192,296
183,17
136,47
254,315
157,164
161,267
126,127
142,60
189,249
119,435
110,342
133,234
280,13
192,393
190,160
244,12
288,423kg
261,444
259,208
294,321
170,10
228,226
207,416
154,314
226,303
227,330
221,434
180,302
113,154
282,210
209,229
278,325kg
120,83
139,18
153,173
281,430
237,245
147,456
271,359
166,321
198,338
276,262
275,420
220,56
219,13
199,28
117,214approx
108,180
178,284kg
196,15
153,468
254,394
200,295kg
194,331
128,301
217,135
267,444kg
267,426
287,237
191,185
149,430
176,67
135,269approx
283,46
225,439
110,476
151,330
118,458
168,399
116,488
249,316
160,243
106,193
152,448
107,266
201,73
200,232
182,127
262,312approx
153,64
221,21
285,92
266,242
158,94approx
299,482
199,392
232,154
239,233
251,237
205,364
251,487
228,254
133,263
236,356
139,157
148,306
218,132
156,422
160,143
282,193
220,445
139,294
243,91
173,452
253,498
117,22
132,172
246,399approx
288,174
186,458
224,461
146,113
207,145
162,63
199,252pcs
298,258
202,175N/A
291,468
159,224
228,342
273,264
283,23
294,406
222,346
295,181
247,52pcs
125,294
183,387
291,150approx
132,122
275,360
287,355
185,400
168,484
156,64
124,174
232,206
238,100
115,168
225,348
151,438
218,429
229,214
158,439
275,406
232,144
220,184
153,452
167,156
112,117
225,494
192,250
186,39
147,177
203,309
248,435
216,159
256,73
298,65
169,404
145,198
112,498kg
234,311
241,247
104,21
119,385
215,456
153,242
171,47approx
114,386
201,53
127,194
175,291
160,295
169,389
216,215
169,339
290,467
241,260
210,74
266,161
106,288
282,248
105,134
164,347
145,208
195,372
133,469
245,91
273,383
249,183
163,37
118,61
191,42
185,431
297,207
179,320
113,15
111,184
202,392
273,443
152,236
157,308
255,401
135,192
170,315
248,84
121,306
203,271
176,14
210,23
245,81
236,46
187,245
282,124
260,331
122,124
117,359
104,486
247,34pcs
259,475
137,330
168,257
228,37
154,72
169,230
193,100
132,327
243,161
242,381
250,211
108,274
277,481
292,420
167,310
150,72
265,264
277,386
275,129
205,160kg
110,192
220,457
197,416
196,221
192,65
243,27
257,337
208,206
278,181
200,120
221,163
208,379
233,295
130,87
236,114
125,266
178,144
189,459
185,49
281,117N/A
276,397
129,284
134,75
219,158
139,445N/A
206,109
107,60
295,443
207,150kg
253,455
187,449
140,318
108,55
271,22
159,152
186,59
144,172
193,358
155,404
254,346
173,375
262,48
208,185
181,328
241,194
289,225
227,239
169,347
283,48approx
298,281
293,382
175,408
242,246
205,123
265,264
133,297
181,378
273,98
246,144
197,184
116,301
262,153
188,485
144,21
284,20
142,139
151,458
110,364
181,250
296,164
221,81
105,370
160,290
251,415
152,490
296,488
172,55N/A
227,227
216,452
263,108
224,286
290,430
164,389
177,439
196,490
165,310
295,67
251,22
122,166kg
153,65
160,349pcs
194,265
286,442
296,447kg
244,268
149,347
111,141
180,63
253,202
155,344pcs
197,331
269,320
236,13
222,475
244,459
106,149
286,226
140,58
299,147
242,178
124,352
102,478
254,302
162,371
206,88
297,76
240,144
226,83
209,302
200,361
294,289
296,296
127,311
157,114
174,239
194,93
271,131
238,198
115,183
286,199
111,87
252,17
157,170
268,427
227,270
201,352
168,443
245,379
154,17
125,265
209,44
110,374N/A
169,40
201,486
262,266
239,18
230,421
254,490
279,344
257,97
228,403pcs
264,209
229,267
183,479
152,212
233,366
225,433
129,83
123,318
151,211
276,475
172,438
135,118
137,340
156,352
171,69
189,436kg
122,429
152,65
228,251kg
109,28
233,435
196,342
119,74
140,293
241,446
268,50
172,490
272,489
299,400
154,229
116,110
104,270
160,316
291,495
212,267kg
237,410
241,316
177,215
261,24kg
152,71
148,238
154,375
145,138
183,495
159,333
190,53
278,11
246,263
117,477pcs
213,122
211,11
127,173
132,247
158,453
250,442
112,64
289,163
141,265
134,17
129,147N/A
216,244
236,288
238,55
167,33
264,143
236,57
145,320
164,343
199,179
232,393
168,360
168,293
187,496
278,469
169,120
100,125
265,191
263,365pcs
286,359
133,390
204,27
191,421
174,467
123,16
112,245
177,457
165,462
141,11
143,242
147,284
282,335
136,441
168,112approx
257,172
284,138
216,404
176,370
272,497
222,184kg
153,252
292,440
264,271
105,414pcs
126,207
256,444
109,137approx
255,74
135,264N/A
260,73pcs
168,426
167,79
193,455
287,167
282,246kg
136,129
148,110
226,79
160,291
279,340
131,430
134,331
110,269
210,182
189,223
138,84
224,102
178,302
210,305
274,102
271,337
133,32
143,149
255,189pcs
122,28
284,497
141,244
166,88
152,89
134,313
174,199
111,136
295,500
181,154
134,366
242,455
187,168
156,352
100,402
106,473
196,33
291,213
232,234
111,449
178,484
289,338
132,94
158,162
245,261approx
111,425
203,222
195,25
232,167
217,269
244,495
295,16
248,271
109,496N/A
291,340
261,330
195,409
151,274
204,20
118,483
241,33
237,404
248,414
215,266
263,397
262,378
132,251
126,77
290,69
221,238
242,132
299,273
254,58
228,372
258,246kg
185,497
287,246
198,278
234,191
132,284
173,255
120,164
158,209approx
101,117
194,451
194,334
242,334
269,60
101,198
217,475
182,124kg
280,62
106,370
215,263
283,161
268,192
119,377
204,216
200,202
292,239
189,192
262,392
138,401
194,106
286,131
175,471
122,85
115,245
263,490
203,245
287,257
220,245
198,278
123,190
249,78
299,89
122,185
168,102
101,139
109,359
111,191
283,330
222,152kg
176,87
244,387
149,233
296,254
190,395
189,391
261,308
221,273
264,390
103,488
113,275
167,290
205,465
246,486
298,235
221,69
126,381
178,355
181,102
199,342
200,388
157,175
105,229
206,373
209,354
208,438
110,161
182,11
297,306
142,419
255,117
193,141
119,120
225,440
112,418
191,400
250,429
185,288
242,117N/A
237,53
172,275N/A
273,96
163,77N/A
163,195
164,93
139,466
120,415
155,370
145,20
191,84
203,418
273,159
111,416
204,39
195,276
253,119
178,245
154,123
176,446
200,412
156,127
108,333
138,412
229,183
169,270
141,226
299,361
164,246
161,366N/A
125,316
227,360pcs
233,53
156,201
295,347
154,473
265,50
286,227
106,357
283,267
247,85
293,292
155,242
281,124
227,259
114,440
221,149
289,191
230,279
189,148
182,184
279,288
187,228
191,156
181,119
194,119
109,242
266,220
156,450
124,41
106,27
120,15kg
295,416
106,64
256,473
189,412
120,416
159,231
126,266
223,496
229,145
167,496
147,209
185,314
247,191
266,326
284,175
160,288
297,87
205,169
123,243
258,355
239,258kg
130,123
238,455
111,155
260,367approx
188,94
265,500
279,479
128,275pcs
161,327
250,326
228,30
100,141
248,377
131,221
288,304
232,93
237,84
162,467
130,248pcs
156,202
228,178
123,170
249,42N/A
178,219
195,96kg
135,95pcs
299,385
255,73
208,106
216,181N/A
234,46
151,254
124,227
118,216
291,35
293,154
290,128
160,488N/A
111,24N/A
268,338
242,334
228,69
201,189
244,256
104,14
269,155
169,120
241,291
238,393
155,410
276,55
287,286
249,69
241,491
105,104
242,46
151,221
265,201
261,450
180,109
149,171
113,440
284,244
152,180
271,406
158,21
284,240
261,252
179,81
228,49
271,250
234,14
208,205
297,53
290,120
224,104
163,193
241,109
225,19
236,250
130,354
132,149
184,133
264,345
214,89
182,265
163,30
293,140
212,108
246,373
291,322
234,192
223,236
154,310
117,476
235,310
150,312approx
139,194
288,201
222,153
187,339
120,253
160,466
279,217
235,117
261,55
114,128
183,54
214,106
212,478
213,83
235,20
129,260N/A
225,226pcs
120,465
136,414
120,19
265,135
255,235
181,289
179,387
206,388
194,193
243,328pcs
176,459
242,422
100,303
127,402
230,32
114,159
112,322
208,275
286,279
271,171approx
196,54
223,45
288,495
170,473
135,180
177,81pcs
195,126
217,43
205,238kg
270,158
167,119
235,224
171,201
255,448
198,338
153,188
257,443approx
275,366
225,411
105,87
181,395
216,362
227,233
166,66
151,392
156,344
212,402
190,313
162,124
277,106
207,295
101,280
226,362
132,74
253,29
119,488
149,121
239,396
220,117
125,458pcs
166,340
277,262N/A
290,259
274,310
289,343
180,233
137,234
232,190
216,213
101,247
209,348
152,104
256,412
125,377
197,298
269,421
132,11
254,20
197,207
163,152
289,318N/A
126,383
112,133
122,44
160,292
268,38
162,253
159,276
223,333
136,351
127,285
113,457approx
240,393
246,147
100,180
198,221
112,20
184,170
214,472
136,148
116,242
160,495
167,53
230,321
281,350
216,319
173,84
164,320
271,36
102,439approx
226,71
120,248kg
246,77
295,175approx
188,400
164,218
209,390
199,48
138,428
283,367
254,432
141,352
124,136
299,413
130,288
126,268
181,272
226,409
209,276
169,21
267,417
246,468
121,298
129,438kg
195,58
263,290
105,355
228,483
271,54
217,378
135,32
248,393
140,67
256,236
144,81
101,227
136,320
297,433
275,136
265,476
166,379
168,181
101,185
270,283
240,33
262,184
201,361
234,33
174,413
151,59
279,83
122,417
268,70
189,236
231,167
287,266
214,254
112,152
174,200pcs
143,124
236,165
175,166N/A
250,338
229,23kg
197,379
274,70
144,470
161,171approx
179,92
113,278
178,490
275,337
130,346
127,424kg
172,240
186,391
279,282
280,265
124,143
165,208
265,355
206,190
154,84
183,233
170,298
128,152
139,128
299,233
273,230
146,497
240,37
126,125
156,416
119,66
114,299
102,274
205,290
197,450
245,277
236,126
124,422
263,192
280,323
228,318
173,397
190,379
297,477
211,447
241,338
202,232
293,334
232,413
154,62
100,324
298,92
145,273
256,359
191,427
112,69
120,14
199,251
195,14
283,420
113,367
254,150
174,457approx
124,311
250,373
195,439
182,382
219,175
181,339
129,328
276,175
293,211
231,151
247,325
257,474approx
198,33
157,261
204,278
240,457
179,474
273,292
113,201
202,193
144,42
175,306
189,38
186,66
130,100
253,414
101,194
128,357
277,21
132,141
278,119
160,155
175,42
269,36
126,296
296,367approx
187,192
239,350
235,401
196,362
183,335
106,142
278,130
244,312
163,106
220,456
150,199
208,287
273,318
261,106
112,258
164,332
143,151
139,496
182,238
187,15
110,59
239,208
200,90
235,112approx
105,473
250,366
135,434
281,464
226,482
131,184
213,473
100,243approx
170,410
260,123
245,171
205,94
277,239
242,74
249,211
197,43
283,329
272,208
154,139
275,462
133,222
199,245
178,186
186,346
258,436
289,481
299,248
181,311
222,65
246,334N/A
284,454
164,345
187,137
298,443
291,129
252,315
203,46N/A
132,391
123,297
131,344
203,94
281,468
118,457
226,202N/A
292,144
178,406
177,151
243,149
234,350
163,266
263,33
243,333
151,185
144,212
211,128
252,202
270,253
242,249
290,194
132,64
140,93
212,295
202,120
215,141approx
213,402
221,366
117,473
134,163
290,47N/A
274,134
183,53
171,76
183,71
164,68
272,263
265,349
186,188
162,201
126,395
126,412
221,398
148,215
121,444
111,374
182,437
248,135
122,122
150,356N/A
190,180
170,464
222,27
286,438
248,447
226,401
282,263
165,91
171,398
286,59
122,165
178,247
282,426approx
273,16
183,48
142,260
251,311kg
271,430
190,465
198,330approx
118,303
215,354
256,470
210,264
106,179
269,440
177,50
239,79
270,301
240,340
245,133
225,172
189,452
175,455
229,333
258,366
289,195
237,77
275,186
202,478
240,451
178,472
293,426
156,17
187,494kg
177,59
234,21
209,265
168,78
201,86
237,186pcs
117,435
191,497
232,412
151,229
285,445
158,368
222,391
274,302pcs
290,265
117,235
228,53
242,433
263,187
192,173
200,467
139,83
259,452
218,381
193,242
274,45
183,184
146,156
135,413
130,18
254,428
139,238
107,119
144,336
245,438
130,176
128,115
261,378
133,481
265,45
169,389
252,484
191,304kg
271,40N/A
227,474
244,69
192,390
194,414
230,355
190,278
217,171
142,242
150,182
260,284
144,432
141,265
134,106
118,24
120,445
194,339
200,271
246,48
249,489
222,114
141,335
201,228
177,334
122,217
193,242
140,372
164,390
229,127
157,460
124,108
271,159
203,292pcs
143,313
273,16
164,15
275,371
171,51
229,464
255,47
157,101
195,50
287,472
280,315
207,60
278,328
153,378
246,233
163,224
174,196
148,339
230,175
105,13
107,155
126,446
254,157
270,31
210,210
276,342
217,412pcs
158,35
115,104
229,135
184,188
250,197
194,184
107,424
187,297
153,336
153,181
200,234
137,352
198,496
293,164
198,37
219,233
143,164
178,470
169,275
159,77
106,439
110,188
157,371
263,133
255,100
255,297
224,122
172,90
157,358
120,453
224,70
131,80
209,192
216,302
244,390
277,20
154,217
239,410
108,87approx
195,455
154,188
232,397
118,90
149,219
163,155
169,105kg
253,57
118,406
178,357
232,348
274,454
149,438
111,392N/A
100,237
156,111
292,111
203,257
134,431kg
163,120
297,320
162,488
171,447approx
215,129
232,42
247,26N/A
186,72
172,432
237,319
159,405pcs
157,298
166,166
168,481
160,405
138,217
177,348pcs
215,230
210,255
113,479N/A
121,253N/A
140,314
138,392
297,264
103,491
240,147
272,200
111,445
154,438approx
260,420
268,191
139,227
258,414
186,499
248,105
241,301
241,162kg
109,497
225,201
282,362
217,61
133,104
235,146
241,93
286,473
206,284pcs
245,363
113,84
268,469
240,96
108,161pcs
163,459
233,85
220,62
208,254
164,215
285,405
120,400N/A
253,33
103,128
132,289
223,303
221,295
209,271
285,224
248,85
283,53
138,155
285,150
164,367
261,255
153,64
113,401
184,48
146,128
133,431
182,68
221,78
111,468
119,82
258,62
278,281
196,244
107,429kg
158,358
192,226
154,89
138,154
223,159
267,145
238,271
290,137
106,314
283,341
101,302
280,205
138,174
232,48
142,73
131,43
129,67
286,65
221,415
194,265
171,410
100,457
182,189
271,481
109,276
197,145
288,351N/A
108,191
172,328
179,470
233,467
213,138
172,178
126,110
224,292
255,171approx
202,268
225,342
280,378
164,18
101,289
219,226approx
120,476
260,367
199,215
274,472
231,452
266,408
172,133
206,425
143,157N/A
111,273
123,226
244,405
156,488
198,324
267,421
196,437
156,83
273,75
243,131approx
223,123
208,494
296,442
242,344
181,107
243,78
254,125
249,95
214,431
168,425
150,287
216,395
243,385
166,314
217,315
115,429
105,264kg
292,63
236,462
160,348
181,389kg
107,348
294,132
251,431
231,159
289,192
148,48
199,177
243,388
241,305
149,374
182,474
174,119approx
235,400
279,123
242,22
141,80
176,280
176,74
105,407
260,496
264,269
211,133
271,237kg
215,23
232,296
113,54N/A
133,53
105,382
173,145
286,53
188,213
110,426
228,201
179,43
186,175kg
275,315
254,180
209,134
211,100
258,227
177,173
145,114
149,276
132,82
117,260
252,208
253,25
213,302
155,34
298,443
299,159
199,249
200,168
158,248
187,426
130,13
196,30
177,163
127,271
137,150
224,184
288,395
112,409
198,492
240,20
179,112
158,348
294,92
200,248
144,180
247,360
139,354
260,345
120,266
112,24
149,353
148,29
266,125
205,20
110,469
297,447
105,359pcs
264,62
150,495N/A
260,158
248,284
153,191
217,99
176,106
292,169
209,355
200,284
114,274
168,240
161,279
230,60approx
129,347
258,91
158,373
165,180
108,91
289,396
236,203pcs
241,109
126,319kg
161,231
298,123
190,184
192,340
141,32
156,460
240,252
132,31
240,65
190,250
163,401
225,336
214,315
141,24
266,97
164,319
196,41
227,325
135,341
186,347
291,33
125,441
114,59
121,114
283,59
153,441
181,32
290,373
101,235
268,301
191,116
195,426
205,241
218,109
285,303
119,24
127,141
248,421kg
220,140
249,159kg
285,464pcs
196,256
223,113
201,262
275,449
124,366
188,264
152,318
268,306
116,94
200,246
140,241
170,302
140,380
200,497
266,117
220,113
103,479approx
229,282kg
215,221
124,137
237,493
261,50
212,34
109,106
129,441kg
284,141
274,154
168,492
187,343
125,320
216,275
182,425
207,131
285,286
281,456
128,422
185,453
177,275
273,453
150,46approx
233,418
296,185
199,211
137,455
177,315
249,312kg
197,238
178,149
219,308
297,325
143,86
281,435
155,403
225,442
137,363
244,210
195,422
119,419
257,48
263,320
236,320
183,35
163,394
148,48
151,494
195,170
121,17
233,159
245,269
216,176
254,41
212,248
238,256
108,186
176,346
211,394
135,244
131,223
211,167
250,239
291,107
126,408
213,348
289,394
221,470
187,227
180,20
280,420
119,390
224,482
207,57
141,167
111,167
194,194
248,200
150,171
270,486
132,61
232,71
266,118
210,126
250,157
238,24
173,185
213,365
229,291
162,150
197,362
156,402
251,208
280,213
166,154
251,99approx
139,46approx
296,137
262,20
280,386
142,208
251,43
125,246
234,37
199,124
102,94
119,20
137,258
242,200
297,177
221,283
285,54
151,55
165,403
209,110
216,495
219,236
189,497
218,417
199,320
223,470
262,225
262,359
100,159
265,13
143,158
285,38
208,193
256,46
287,22
194,37
279,329
188,298
246,480
243,311
136,252pcs
271,279pcs
175,13
179,316
190,297
293,161
267,188
287,485
236,303
236,357pcs
149,130
247,246
144,143
157,444kg
261,51kg
111,92
269,232
257,32
104,64
102,157
151,395
121,51
205,28
103,284
219,472
155,492
127,52
144,277
158,207
241,308
260,126
113,168
232,429
243,436
190,500
288,375pcs
256,94pcs
131,382
184,243N/A
287,282
218,351
254,124
140,425
226,310
112,152
186,448
268,166
101,77
135,39
119,114
238,117
187,389
241,319
200,186
278,262
124,430
228,227
263,348
278,11
219,239
265,80
104,346
170,238
152,100
266,437
108,287
211,301
168,329
140,207
235,409
114,449
285,50
242,438
197,116
225,161
158,454
274,53
205,140
269,417
232,49
129,179
154,278
198,458
117,145
158,426
201,79
271,128
260,20
145,172
151,120
220,70
217,294
130,137
108,119
196,115
109,42
210,466pcs
109,442
156,353
213,210
284,422
106,217
151,402
183,238
150,435
235,231
280,423
167,265
156,354
129,500
121,491
294,474
216,238
228,484approx
173,217
139,10
212,110
185,430
238,428
149,322
176,205
273,363
233,59approx
285,144
260,385
228,59
204,427
164,46
177,218
266,396
147,444
296,231
215,174
109,17
236,311
257,384
115,271
150,62
241,80
195,34
199,496
119,381
145,337
124,87
185,374
215,38
267,385
207,108
164,238
208,371
196,401pcs
142,162
248,22
255,160
242,82
153,338
219,337
142,403
247,270
239,247
135,354
105,239
190,426N/A
140,405
284,266
248,118
185,52
235,197approx
277,25
151,282
247,175
113,140
176,297
267,383kg
140,30
157,397approx
163,276
250,170kg
124,471
147,433
165,110
215,317
206,15
298,155
116,44
241,187
199,398approx
289,398
239,69pcs
297,107
267,337
261,188
273,198
121,450
296,424
226,329
264,280
273,333
271,136
225,408
102,115approx
213,120
121,428
193,198
200,164
265,16
160,451
260,121
263,35
234,430kg
244,204
145,452
146,500kg
255,79approx
179,109
263,353
212,355approx
178,51
147,218
264,197
219,380kg
175,204
196,498N/A
228,249
160,14
129,492
169,241
218,473pcs
176,241N/A
163,231N/A
172,151
290,206
285,467
273,226
206,282
176,16
123,427
222,426
197,39
225,420
297,252
139,416
230,24
241,190
231,188
199,253
175,91
133,272
213,226
102,275
240,432
113,277
144,494
234,237
111,415
158,358
156,143N/A
101,379
265,202
116,463
282,240
222,234
100,216
148,184
153,62
233,116
207,389
115,229
195,189
233,411
250,260
250,430pcs
234,143
178,321
202,253
159,385
212,50
247,477
147,374
221,232
201,467
116,344pcs
265,313
243,294
234,485
185,11
220,330
149,304
282,402
235,185
163,67
209,493
267,16
173,266
263,85
221,349
289,197
161,50
236,155
141,202
281,183
208,408
186,410
236,59
113,102
241,282
299,469
132,483
204,383pcs
211,217pcs
132,288
291,397
139,122
102,142
141,427
256,320
150,192
221,474
165,226
206,321
136,255
218,423
116,390
207,444
280,155
233,363
175,160
147,75
273,199
128,405
114,95
299,433
166,159
272,150
109,181
246,106
246,452
195,20
122,348
173,451
130,160
152,110
225,456
145,474
172,388
126,178
256,246kg
107,251
230,165
281,317
103,260
271,326
136,193
251,236
195,190
220,273
230,355
158,315
202,261
172,246approx
182,269
281,142
107,477
117,137
196,203N/A
267,461
144,234
250,42kg
198,148
209,354
251,340
142,89
155,334
112,210
175,221
148,416
258,307
150,373kg
180,260
297,209
269,86
159,277
115,385
288,177
282,92
201,365
214,63
126,188
156,120
290,443N/A
245,97
267,302
198,416
137,23
260,326
155,420
204,53
229,60
297,235
146,126
252,489
268,310
116,138
292,141N/A
203,221
265,443
293,35
285,90
158,494
152,58
288,210
102,272
205,369
208,272
196,30
143,322
282,229
254,398
168,119
216,474
260,403
228,400
119,218
228,245
266,41
122,100
150,393
223,331
169,329
249,222
151,51
141,259
268,77
292,19
152,206
158,220
128,85
174,490
109,484
298,463
253,59
292,219
251,18
182,138
250,236
135,196
256,375
142,372
231,245
113,262
140,306
193,427
285,31
289,378
174,366
222,75
155,434approx
214,340N/A
104,97
276,479
144,63N/A
208,473
208,445
278,246
176,202
153,450
115,411
268,124
247,20
220,56
125,96
103,417
246,373
199,228
219,372
249,491
159,404
210,317
167,220
114,455
175,399
173,171
274,84
270,316
115,154
159,42
149,198
197,204
199,10
299,427
101,157
291,25
153,393
281,22
231,172
175,49
252,354
106,39
299,361
116,218
219,308
135,78
233,450
111,308
121,92
237,198pcs
129,282
191,306
290,172
184,428
212,163
244,214
265,376
289,84
290,252pcs
263,311
245,102
225,114
197,289
205,430
218,229
133,114
283,38
177,149
260,11
268,350
228,279
149,307
251,462
285,396
244,85kg
173,244
119,41
127,246approx
241,344
102,291
186,270kg
108,70
208,259
269,436
134,125
293,432
239,454
106,153
292,16
145,86
265,181N/A
163,164
152,436N/A
148,115
194,334
179,447
186,280
121,425
238,432
279,416
271,61
143,176
221,76
145,299
238,489
140,242
147,388
212,279
116,369
168,245
138,488
148,219
266,257
277,366
133,436
237,179
243,444
143,364
159,357
120,411
129,188
178,214
231,170
178,59
210,163
157,482
171,490
237,121
257,308
245,67
105,432pcs
291,334
271,168
168,82
262,495
234,185
109,420
232,262
198,337kg
203,67
266,75pcs
213,455
166,351
252,384
157,204kg
200,264
175,91
159,116
156,30
193,176
214,78
178,367
294,326
292,286
124,266
177,109
130,245
154,229
254,430
274,345
243,376
295,359
240,258
217,276
272,142
235,422
223,120
113,281
279,438
283,340
191,448
113,115
263,274
291,294
239,222
176,409N/A
235,24kg
196,307
274,11
245,184approx
276,47kg
262,138
299,428
286,60
173,340
297,87
206,159kg
162,340kg
226,343
219,112
149,439
295,294
217,162
170,175
106,210
274,31
216,469pcs
153,463
154,465
272,125
198,166
245,416
274,14
232,319
295,448
170,191
298,115
223,219
149,96
220,167
182,96
151,136
260,459
215,396
261,433
185,381
281,324
297,487
151,72N/A
223,320N/A
146,193
208,428
222,380
204,392
113,423
130,64
283,413
210,384
136,195
242,336
220,154
271,67
287,179
222,341
120,251
180,474
191,43
199,418
167,306
244,364kg
139,122
271,287
156,447kg
199,172
217,217
109,425
231,393
218,106
134,439
247,127N/A
177,386
219,258
261,360
218,311
263,28
133,218
162,487
155,33pcs
221,381
167,224
248,210
196,359
103,80
261,84
229,58
112,174
288,402kg
150,161
158,67
296,138
206,406
159,29
184,127
208,191
285,184kg
201,165
149,356
130,160
282,418
295,332
261,211
169,494
128,62
144,89
167,14approx
234,208pcs
122,151
214,331
173,328
210,217
118,273kg
117,219
284,240
240,305
166,387
261,386
246,437
152,422N/A
298,71
223,463
151,24
214,11
166,120
213,444
247,252
220,192
184,301
283,208
120,260pcs
197,157
183,283
289,24
213,499
239,390
115,46
283,68
257,132
136,362
169,222
133,248
264,392
299,228
121,312kg
174,447
167,436
242,58
260,13pcs
248,284kg
165,16
289,316kg
228,211
298,453
251,302
112,384
232,195
138,110
131,349
154,11
214,144
282,393
193,33
149,402
156,55
135,53
110,404approx
250,484
211,243
194,55
169,93
128,25
288,295
140,166
235,384
272,137
161,296
234,364
254,301
170,77
193,336
237,134
138,363
196,366
125,62
227,290
141,263
172,68
297,464
121,327
185,435
284,375
195,327
120,90
138,89N/A
281,359
177,233
257,76
110,230
190,103
169,145
153,316
163,203
211,41kg
260,292
102,41
232,80
220,448
172,50
299,234
176,151
217,449
244,454
102,446
104,235
224,192
268,457
274,304
254,191
244,325
227,179
263,15
284,207
119,17
220,457
266,107
199,44
272,364
288,317
260,202
294,49
201,381
171,27
117,208
204,401
160,192
129,25
275,397
218,378
164,53
227,478
260,107
187,448
124,221
147,350kg
111,112
226,435
121,89
210,287N/A
204,425
116,406approx
108,111
223,307
275,286
171,112
227,299
135,470
243,336pcs
176,444
208,155
242,75
250,264
101,181
115,55pcs
299,150
240,200
130,164
100,444
138,404
235,211
139,459
112,296
153,496
263,377
118,483
134,238
226,276
138,163
141,240
166,97
176,155
222,143
279,317
188,89
179,407
241,431
236,189approx
196,346
294,339
116,63
213,39
116,112
275,312
128,399
104,141
194,220
206,35
166,18
144,328
226,372
155,123
128,213
131,25
236,167
115,26
216,304approx
108,393
235,285
155,297
221,330
139,228
280,69
174,71
179,250
168,339
278,299
184,85
246,129
258,286
102,330
245,168
103,299
299,384
192,418
292,484
263,355
260,438
178,311
252,424
151,120
122,218
229,454
219,108
162,74
136,19
238,208
256,104
190,60
246,473
130,448
170,74kg
261,251
111,196
293,76
240,287
252,255
101,229
288,238
242,210
121,342pcs
113,182
103,456
212,325
136,154
129,413
161,129
180,116
247,147
109,329pcs
211,377
132,42
103,237
232,381
273,231
195,385N/A
278,55
125,355
162,148
250,446
244,124
121,269
154,274
156,277
296,328
217,95
241,407
289,106N/A
210,37kg
211,64
230,127
182,17
176,377
170,118
187,313
184,10
189,272
120,158
193,150
113,186
296,404
171,369
245,474
153,164
257,176
120,101
237,121
118,242
253,283
178,141
228,319
244,484pcs
103,46
155,340
195,312
260,176
169,373
207,287
127,318
261,369
135,48
197,48
133,250
235,178
220,491
193,444
124,109
159,467
248,322
115,29
282,462
216,225
108,482
116,15
213,287
191,347
214,26
187,44
157,203
233,23pcs
259,461
240,396
230,478pcs
114,146
157,233
223,114
289,329N/A
126,133
299,182
262,355
250,384
222,197
204,95
194,109
275,319
221,483
204,173
163,280
158,396N/A
293,86
298,78
264,150
225,163
101,100
270,490
231,101approx
285,457
188,375
289,255
141,78
150,393N/A
245,204
187,405
112,153
149,433
128,110
167,177
122,289
207,454
126,371N/A
189,253
135,66
114,178
149,223
196,310
244,465
198,158
161,408
279,284
211,477
279,414
133,370
120,211
226,478
183,324
208,90kg
262,381
294,159
115,464
284,388
134,393
230,361
271,427
246,54
119,187approx
147,468
228,92
216,86
145,243
155,206
290,398
233,279
148,344approx
129,351
299,10
143,142
163,290
226,495
109,306
153,68
122,17
136,379
170,384
289,399
282,77
225,130
280,411
128,282
103,190
240,229
177,407
173,16
182,455N/A
174,254
114,50
192,134
184,377
209,22
227,367
262,265
299,95
122,191
168,232
286,364
163,111kg
249,33
240,393
244,82
155,27
276,168
293,497
159,388
134,469
250,266
174,150
207,378
254,291
165,345
261,241
294,206
284,24
186,53
206,75
103,332
215,461N/A
117,493
268,443
247,200
110,250kg
265,248
210,250
248,239
252,428
155,348
228,274
182,157
238,476
103,438
185,431N/A
126,10
213,358
146,494
110,14
198,445
297,146
238,186
142,375kg
251,274
113,358
238,346
275,195
104,123
135,335
110,425
242,446
283,193pcs
219,316
234,186
240,317
274,166
111,225
176,130
277,134
135,166
224,409
117,214
202,15
275,368
266,467
119,483approx
115,460
157,115
265,42
127,148
274,426
124,409
185,180approx
269,64
211,481
238,350
155,339
211,96approx
130,189
246,26
228,406
266,137
242,233N/A
133,111
156,98
247,398
281,324
184,166
126,184
212,281
206,135
190,37
277,126
224,188
206,466
234,343
211,29
272,41
134,220
172,67
228,211
289,434
293,79
127,411
146,273
211,171
156,47
146,271
183,213
293,481
171,367
202,394
170,191
130,255
231,109
256,77N/A
142,375
156,231
295,309
287,412
293,118
245,320
261,108
131,64
178,470
198,213
227,44
140,440
193,314
160,58
253,382
153,284
164,460
288,175pcs
111,21
131,481
113,240
144,489
244,391
297,462
140,249
236,117
294,125
164,43
257,476
138,392
226,486pcs
102,261
169,198
219,181
266,117
196,258
229,155
198,44
171,390
129,444
243,109
183,498
289,499
152,194
142,233
253,362pcs
110,214
229,248
169,327
216,116
279,56
243,289
169,269
246,396
179,382
116,406
104,326
258,138
192,424
290,407pcs
260,392
147,130
273,167
130,355
221,59
128,153
227,180
139,324
101,392
214,144
214,406
215,170
125,118
289,172
293,83
216,409
106,463
240,42
235,89
299,452approx
238,198
201,388
233,314
276,151
172,230
262,454
284,264
221,26
259,425
268,392
206,461
274,414
150,330
158,458
230,460
140,287approx
138,118
223,367
251,457
206,197
102,157
157,169kg
138,346
203,168
262,364
294,410
229,189
107,358
223,419
263,250
215,455
182,131
208,125
129,376
224,300
130,500
208,30
284,395
117,244
109,28
166,209
221,325
250,30N/A
170,263
131,498
252,173
181,266
213,347
223,141
149,105kg
298,67
195,104
123,256pcs
206,202
295,474
171,159
136,471
213,370pcs
168,417
129,484
137,135
122,149
142,363
104,421
161,317N/A
283,442
299,469
123,376
166,231
213,467
150,380
259,447
206,239
104,87
265,76
270,397
276,332pcs
143,26
292,476
185,194
176,19
198,374
145,43
180,357
279,112
119,182
269,56
237,134
167,210
129,323
217,426
121,268
276,213
127,399
192,141
131,173pcs
189,440
273,182kg
264,412
152,324
204,64pcs
214,253
175,101
241,284kg
244,360
168,405
298,62
196,316
228,242
106,420
237,156
288,168
233,240
183,438
160,181
263,91
139,99approx
101,410
240,261
169,209
196,212
119,429
233,438
210,454
166,345kg
219,471
279,54
131,151
157,183
168,197
144,111
236,372kg
112,128
195,166
262,173
296,112
161,271
132,203
291,364
250,55
150,318
213,108
229,228
251,208
176,140
149,313
160,192
258,341
176,155
196,76
112,361
153,416
142,63
265,479
211,267
131,30approx
182,88
200,155
213,463
184,432
121,146
228,56
107,215
219,109
207,177
139,22
207,248
192,205
164,292
258,88
193,279N/A
121,99
210,43
216,204
267,488N/A
116,328approx
182,11
118,158
183,46
120,294N/A
148,309
248,64
182,303
147,335
175,430
272,269
288,280
165,359
136,181
233,194
210,169
176,416
194,343
214,443N/A
108,77
294,177
131,61
287,306
119,231
257,296
242,278
278,425
135,195
124,400
206,344
279,108
177,107
265,126N/A
114,258
299,194
166,212
279,21
230,270
164,115
159,299
192,268
190,141
173,173
129,468
292,197
255,229
121,171
142,233
183,200
